{"cameraMode":{"drawMode":0,"name":"Shaded","section":"Shading Mode"},"sceneLighting":true,"audioPlay":false,"sceneViewState":{"m_AlwaysRefresh":false,"showFog":true,"showSkybox":true,"showFlares":true,"showImageEffects":true,"showParticleSystems":true,"showVisualEffectGraphs":true,"m_FxEnabled":true},"in2DMode":false,"pivot":{"x":2.8165197372436525,"y":7.215818881988525,"z":-2.1207354068756105},"rotation":{"x":0.08011619746685028,"y":0.8956739902496338,"z":-0.39870473742485049,"w":0.17997844517230988},"size":0.8077566027641296,"orthographic":false}