{"cameraMode":{"drawMode":0,"name":"Shaded","section":"Shading Mode"},"sceneLighting":true,"audioPlay":false,"sceneViewState":{"m_AlwaysRefresh":false,"showFog":true,"showSkybox":true,"showFlares":true,"showImageEffects":true,"showParticleSystems":true,"showVisualEffectGraphs":true,"m_FxEnabled":true},"in2DMode":false,"pivot":{"x":5.438448905944824,"y":1.4605950117111207,"z":-11.217473030090332},"rotation":{"x":0.06577137112617493,"y":0.933791995048523,"z":-0.2632743716239929,"w":0.23327110707759858},"size":4.9742021560668949,"orthographic":false}