{"cameraMode":{"drawMode":0,"name":"Shaded","section":"Shading Mode"},"sceneLighting":true,"audioPlay":false,"sceneViewState":{"m_AlwaysRefresh":false,"showFog":true,"showSkybox":true,"showFlares":true,"showImageEffects":true,"showParticleSystems":true,"showVisualEffectGraphs":true,"m_FxEnabled":true},"in2DMode":false,"pivot":{"x":4.314572334289551,"y":3.4499306678771974,"z":-4.878978729248047},"rotation":{"x":0.06492073833942414,"y":0.11588748544454575,"z":-0.007599777076393366,"w":0.9911332130432129},"size":0.8660253882408142,"orthographic":false}