{"cameraMode":{"drawMode":0,"name":"Shaded","section":"Shading Mode"},"sceneLighting":true,"audioPlay":false,"sceneViewState":{"m_AlwaysRefresh":false,"showFog":true,"showSkybox":true,"showFlares":true,"showImageEffects":true,"showParticleSystems":true,"showVisualEffectGraphs":true,"m_FxEnabled":true},"in2DMode":false,"pivot":{"x":4.375766277313232,"y":0.32443881034851076,"z":-11.314814567565918},"rotation":{"x":0.06171964481472969,"y":0.9319580793380737,"z":-0.3024512231349945,"w":0.1901797503232956},"size":4.1622233390808109,"orthographic":false}