{"cameraMode":{"drawMode":0,"name":"Shaded","section":"Shading Mode"},"sceneLighting":true,"audioPlay":false,"sceneViewState":{"m_AlwaysRefresh":false,"showFog":true,"showSkybox":true,"showFlares":true,"showImageEffects":true,"showParticleSystems":true,"showVisualEffectGraphs":true,"m_FxEnabled":true},"in2DMode":false,"pivot":{"x":4.913414478302002,"y":0.21500776708126069,"z":-19.39429473876953},"rotation":{"x":0.013980341143906117,"y":0.982252836227417,"z":-0.16841623187065125,"w":0.08151737600564957},"size":9.548541069030762,"orthographic":false}