{"cameraMode":{"drawMode":0,"name":"Shaded","section":"Shading Mode"},"sceneLighting":true,"audioPlay":false,"sceneViewState":{"m_AlwaysRefresh":false,"showFog":true,"showSkybox":true,"showFlares":true,"showImageEffects":true,"showParticleSystems":true,"showVisualEffectGraphs":true,"m_FxEnabled":true},"in2DMode":false,"pivot":{"x":7.5146870613098148,"y":0.2671392560005188,"z":-16.6490421295166},"rotation":{"x":0.046491511166095737,"y":0.9521145224571228,"z":-0.18539129197597505,"w":0.23875752091407777},"size":10.287487030029297,"orthographic":false}