{"cameraMode":{"drawMode":0,"name":"Shaded","section":"Shading Mode"},"sceneLighting":false,"audioPlay":false,"sceneViewState":{"m_AlwaysRefresh":false,"showFog":true,"showSkybox":true,"showFlares":true,"showImageEffects":true,"showParticleSystems":true,"showVisualEffectGraphs":true,"m_FxEnabled":true},"in2DMode":false,"pivot":{"x":16.600370407104493,"y":-5.007479667663574,"z":34.76506805419922},"rotation":{"x":-0.08143298327922821,"y":-0.2551466226577759,"z":0.021488167345523835,"w":-0.9633379578590393},"size":18.173492431640626,"orthographic":false}